,animals,lengths,colors,counts
animals,,0.7176991851133043,0.7207074853491402,0.25967593263073147
lengths,,,0.4290566863038802,0.2268120683684496
colors,,,,9.371772394166289e-55
counts,,,,
