,CDGLOBAL,VSWEIGHT,CDGLOBAL,AGE
CDGLOBAL,,0.7176991851133043,0.7207074853491398,0.25967593263073147
VSWEIGHT,,,0.4290566863038802,0.2268120683684496
CDGLOBAL,,,,9.371772394166289e-55
AGE,,,,
